observation_id,source_name,filename,raw_subdir,resolution,split,purpose
hip70016_mid_001,HIP70016,spliced_blc02030405_2bit_guppi_57472_28848_HIP70016_0020.gpuspec.0002.h5,hip70016_mid,mid,development,preprocessing_test
hip15477_mid_001,HIP15477,spliced_blc0001020304050607_guppi_57635_35316_Hip15477_0004.gpuspec.0002.h5,dev_mid,mid,train,training
hip15480_mid_001,HIP15480,spliced_blc0001020304050607_guppi_57635_35998_Hip15480_0006.gpuspec.0002.h5,dev_mid,mid,train,training
hip15598_mid_001,HIP15598,spliced_blc0001020304050607_guppi_57635_36680_Hip15598_0008.gpuspec.0002.h5,dev_mid,mid,train,training
hip14445_mid_001,HIP14445,spliced_blc0001020304050607_guppi_57635_37034_Hip14445_0009.gpuspec.0002.h5,dev_mid,mid,train,training
hip13412_mid_001,HIP13412,spliced_blc0001020304050607_guppi_57635_37379_Hip13412_0010.gpuspec.0002.h5,dev_mid,mid,train,training
hip13494_mid_001,HIP13494,spliced_blc0001020304050607_guppi_57635_38070_Hip13494_0012.gpuspec.0002.h5,dev_mid,mid,train,training
hip13510_mid_001,HIP13510,spliced_blc0001020304050607_guppi_57635_38762_Hip13510_0014.gpuspec.0002.h5,dev_mid,mid,validation,validation
hip13678_mid_001,HIP13678,spliced_blc0001020304050607_guppi_57635_39464_Hip13678_0016.gpuspec.0002.h5,dev_mid,mid,validation,validation
hip13810_mid_001,HIP13810,spliced_blc0001020304050607_guppi_57635_40158_Hip13810_0018.gpuspec.0002.h5,dev_mid,mid,test,evaluation
hip13871_mid_001,HIP13871,spliced_blc0001020304050607_guppi_57635_40852_Hip13871_0020.gpuspec.0002.h5,dev_mid,mid,test,evaluation