target,mjd,split,resolution,f_start_mhz,f_stop_mhz,size_bytes,url
HIP92283,57504.50587962963,train,mid,2200.0,2300.0,243545150,https://bldata.berkeley.edu/pipeline/AGBT16A_999_160/holding/spliced_blc0001020304050607_guppi_57504_43709_HIP92283_0021.gpuspec.0002.h5
HIP4594,57628.455775462964,train,mid,2200.0,2300.0,237068321,https://bldata.berkeley.edu/pipeline/AGBT16B_999_18/holding/spliced_blc0001020304050607_guppi_57628_39379_Hip4594_0048.gpuspec.0002.h5
HIP28954,57635.6405787037,train,mid,2200.0,2300.0,236297684,https://bldata.berkeley.edu/pipeline/AGBT16B_999_20/holding/spliced_blc0001020304050607_guppi_57635_55346_Hip28954_0061.gpuspec.0002.h5
HIP13834,57655.394641203704,train,mid,2200.0,2300.0,235976118,https://bldata.berkeley.edu/pipeline/AGBT16B_999_27/holding/spliced_blc0001020304050607_guppi_57655_34097_Hip13834_0015.gpuspec.0002.h5
HIP61094,57701.71451388889,train,mid,2200.0,2300.0,236136680,https://bldata.berkeley.edu/pipeline/AGBT16B_999_66/holding/spliced_blc0001020304050607_guppi_57701_61734_HIP61094_0063.gpuspec.0002.h5
HIP77632,57714.79614583333,train,mid,2200.0,2300.0,239422071,https://bldata.berkeley.edu/pipeline/AGBT16B_999_73/holding/spliced_blc0001020304050607_guppi_57714_68787_HIP77632_0016.gpuspec.0002.h5
HIP92919,57715.976377314815,train,mid,2200.0,2300.0,237610847,https://bldata.berkeley.edu/pipeline/AGBT16B_999_75/holding/spliced_blc0001020304050607_guppi_57715_84359_HIP92919_0063.gpuspec.0002.h5
HIP56199,57876.226585648146,train,mid,2200.0,2300.0,242759001,https://bldata.berkeley.edu/pipeline/AGBT17A_999_59/holding/spliced_blc3031323334353637_guppi_57876_19578_HIP56199_0026.gpuspec.0002.h5
HIP117179,57986.3384375,train,mid,2200.0,2300.0,239444960,https://bldata.berkeley.edu/pipeline/AGBT17B_999_12/holding/spliced_blc2021222324252627_guppi_57986_29241_HIP117179_0042.gpuspec.0002.h5
HIP111685,58002.239583333336,train,mid,2200.0,2300.0,240584534,https://bldata.berkeley.edu/pipeline/AGBT17B_999_24/holding/spliced_blc0001020304050607_guppi_58002_20700_HIP111685_0020.gpuspec.0002.h5
HIP76543,58008.81444444445,train,mid,2200.0,2300.0,241730230,https://bldata.berkeley.edu/pipeline/AGBT17B_999_30/holding/spliced_blc1011121314151617_guppi_58008_70369_HIP76543_0045.gpuspec.0002.h5
HIP45497,58010.530497685184,train,mid,2200.0,2300.0,242591872,https://bldata.berkeley.edu/pipeline/AGBT17B_999_31/holding/spliced_blc0001020304050607_guppi_58010_45836_HIP45497_0037.gpuspec.0002.h5
HIP76233,58013.90715277778,train,mid,2200.0,2300.0,241688478,https://bldata.berkeley.edu/pipeline/AGBT17B_999_32/holding/spliced_blc1011121314151617_guppi_58013_78378_HIP76233_0008.gpuspec.0002.h5
HIP92936,58014.03297453704,train,mid,2200.0,2300.0,241127531,https://bldata.berkeley.edu/pipeline/AGBT17B_999_32/holding/spliced_blc1011121314151617_guppi_58014_02849_HIP92936_0039.gpuspec.0002.h5
HIP11865,58016.39209490741,train,mid,2200.0,2300.0,242192657,https://bldata.berkeley.edu/pipeline/AGBT17B_999_34/holding/spliced_blc0001020304050607_guppi_58016_33877_HIP11865_0007.gpuspec.0002.h5
HIP108094,58223.663136574076,train,mid,2200.0,2300.0,242603006,https://bldata.berkeley.edu/pipeline/AGBT18A_999_43/holding/spliced_blc0001020304050607_guppi_58223_57295_HIP108094_0035.gpuspec.0002.h5
HIP55982,58253.9828587963,train,mid,2200.0,2300.0,242960345,https://bldata.berkeley.edu/pipeline/AGBT18A_999_63/holding/spliced_blc3031323334353637_guppi_58253_84919_HIP55982_0008.gpuspec.0002.h5
HIP62548,58254.17387731482,train,mid,2200.0,2300.0,241946367,https://bldata.berkeley.edu/pipeline/AGBT18A_999_63/holding/spliced_blc3031323334353637_guppi_58254_15023_HIP62548_0056.gpuspec.0002.h5
HIP42938,58266.986342592594,train,mid,2200.0,2300.0,241606651,https://bldata.berkeley.edu/pipeline/AGBT18A_999_72/holding/spliced_blc1011121314151617_guppi_58266_85220_HIP42938_0016.gpuspec.0002.h5
HIP57949,58267.01950231481,train,mid,2200.0,2300.0,241414466,https://bldata.berkeley.edu/pipeline/AGBT18A_999_72/holding/spliced_blc1011121314151617_guppi_58267_01685_HIP57949_0024.gpuspec.0002.h5
HIP116108,58293.542233796295,train,mid,2200.0,2300.0,241687488,https://bldata.berkeley.edu/pipeline/AGBT18A_999_88/holding/spliced_blc2021222324252627_guppi_58293_46849_HIP116108_0031.gpuspec.0002.h5
HIP4557,58363.53071759259,train,mid,2200.0,2300.0,241892890,https://bldata.berkeley.edu/pipeline/AGBT18B_999_15/holding/spliced_blc0001020304050607_guppi_58363_45854_HIP4557_0068.gpuspec.0002.h5
HIP102216,58378.012037037035,train,mid,2200.0,2300.0,242065231,https://bldata.berkeley.edu/pipeline/AGBT18B_999_24/holding/spliced_blc3031323334353637_guppi_58378_01040_HIP102216_0077.gpuspec.0002.h5
HIP65095,58402.798113425924,train,mid,2200.0,2300.0,241579687,https://bldata.berkeley.edu/pipeline/AGBT18B_999_30/holding/spliced_blc0001020304050607_guppi_58402_68957_HIP65095_0013.gpuspec.0002.h5
HIP47260,58420.491793981484,train,mid,2200.0,2300.0,245065136,https://bldata.berkeley.edu/pipeline/AGBT18B_999_50/holding/spliced_blc1011121314151617_guppi_58420_42491_HIP47260_0086.gpuspec.0002.h5
HIP101659,58432.00787037037,train,mid,2200.0,2300.0,242040977,https://bldata.berkeley.edu/pipeline/AGBT18B_999_57/holding/spliced_blc1011121314151617_guppi_58432_00680_HIP101659_0021.gpuspec.0002.h5
HIP63351,58452.587847222225,train,mid,2200.0,2300.0,242542639,https://bldata.berkeley.edu/pipeline/AGBT18B_999_70/holding/spliced_blc0001020304050607_guppi_58452_50790_HIP63351_0007.gpuspec.0002.h5
HIP64679,58811.87998842593,train,mid,2200.0,2300.0,242347783,https://bldata.berkeley.edu/bl_tess/s_band/spliced_blc0001020304050607_guppi_58811_76031_HIP64679_0094.gpuspec.0002.h5
HIP90527,58819.91768518519,train,mid,2200.0,2300.0,242324547,https://bldata.berkeley.edu/bl_tess/s_band/spliced_blc0001020304050607_guppi_58819_79288_HIP90527_0115.gpuspec.0002.h5
HIP20878,58897.26548611111,train,mid,2200.0,2300.0,243126787,https://bldata.berkeley.edu/bl_tess/s_band/spliced_blc5051525354555657_guppi_58897_22938_HIP20878_0141.rawspec.0002.h5
HIP48887,57656.62440972222,validation,mid,2200.0,2300.0,236319289,https://bldata.berkeley.edu/pipeline/AGBT16B_999_28/holding/spliced_blc0001020304050607_guppi_57656_53950_Hip48887_0004.gpuspec.0002.h5
HIP12187,57661.344409722224,validation,mid,2200.0,2300.0,236920553,https://bldata.berkeley.edu/pipeline/AGBT16B_999_33/holding/spliced_blc0001020304050607_guppi_57661_29757_HIP12187_0002.gpuspec.0002.h5
HIP63121,57718.65075231482,validation,mid,2200.0,2300.0,236161624,https://bldata.berkeley.edu/pipeline/AGBT16B_999_76/holding/spliced_blc0001020304050607_guppi_57718_56225_HIP63121_0057.gpuspec.0002.h5
HIP101180,57719.91305555555,validation,mid,2200.0,2300.0,236006586,https://bldata.berkeley.edu/pipeline/AGBT16B_999_77/holding/spliced_blc0001020304050607_guppi_57719_78888_HIP101180_0060.gpuspec.0002.h5
HIP45082,58818.05474537037,validation,mid,2200.0,2300.0,242332959,https://bldata.berkeley.edu/bl_tess/s_band/spliced_blc0001020304050607_guppi_58818_04730_HIP45082_0014.gpuspec.0002.h5
HIP34691,57627.70605324074,test,mid,2200.0,2300.0,145122149,https://bldata.berkeley.edu/pipeline/AGBT16B_999_17/holding/spliced_blc0001020304050607_guppi_57627_61003_Hip34691_0003.gpuspec.0002.h5
HIP58502,57660.820810185185,test,mid,2200.0,2300.0,139180259,https://bldata.berkeley.edu/pipeline/AGBT16B_999_32/holding/spliced_blc0001020304050607_guppi_57660_70918_HIP58502_0060.gpuspec.0002.h5
HIP50679,57866.88018518518,test,mid,2200.0,2300.0,242236530,https://bldata.berkeley.edu/pipeline/AGBT17A_999_50/holding/spliced_blc1011121314151617_guppi_57866_76048_HIP50679_0060.gpuspec.0002.h5
HIP4301,58331.58561342592,test,mid,2200.0,2300.0,241314908,https://bldata.berkeley.edu/pipeline/AGBT18B_999_01/holding/spliced_blc0001020304050607_guppi_58331_50597_HIP4301_0112.gpuspec.0002.h5
HIP46744,58412.439305555556,test,mid,2200.0,2300.0,246379551,https://bldata.berkeley.edu/pipeline/AGBT18B_999_42/holding/spliced_blc2021222324252627_guppi_58412_37956_HIP46744_0062.gpuspec.0002.h5
