observation_id,source_name,filename,raw_subdir,resolution,split,purpose
hip92283_mid_scaleup_001,HIP92283,spliced_blc0001020304050607_guppi_57504_43709_HIP92283_0021.gpuspec.0002.h5,scaleup_mid/train,mid,train,training
hip4594_mid_scaleup_001,HIP4594,spliced_blc0001020304050607_guppi_57628_39379_Hip4594_0048.gpuspec.0002.h5,scaleup_mid/train,mid,train,training
hip28954_mid_scaleup_001,HIP28954,spliced_blc0001020304050607_guppi_57635_55346_Hip28954_0061.gpuspec.0002.h5,scaleup_mid/train,mid,train,training
hip13834_mid_scaleup_001,HIP13834,spliced_blc0001020304050607_guppi_57655_34097_Hip13834_0015.gpuspec.0002.h5,scaleup_mid/train,mid,train,training
hip61094_mid_scaleup_001,HIP61094,spliced_blc0001020304050607_guppi_57701_61734_HIP61094_0063.gpuspec.0002.h5,scaleup_mid/train,mid,train,training
hip77632_mid_scaleup_001,HIP77632,spliced_blc0001020304050607_guppi_57714_68787_HIP77632_0016.gpuspec.0002.h5,scaleup_mid/train,mid,train,training
hip92919_mid_scaleup_001,HIP92919,spliced_blc0001020304050607_guppi_57715_84359_HIP92919_0063.gpuspec.0002.h5,scaleup_mid/train,mid,train,training
hip56199_mid_scaleup_001,HIP56199,spliced_blc3031323334353637_guppi_57876_19578_HIP56199_0026.gpuspec.0002.h5,scaleup_mid/train,mid,train,training
hip117179_mid_scaleup_001,HIP117179,spliced_blc2021222324252627_guppi_57986_29241_HIP117179_0042.gpuspec.0002.h5,scaleup_mid/train,mid,train,training
hip111685_mid_scaleup_001,HIP111685,spliced_blc0001020304050607_guppi_58002_20700_HIP111685_0020.gpuspec.0002.h5,scaleup_mid/train,mid,train,training
hip76543_mid_scaleup_001,HIP76543,spliced_blc1011121314151617_guppi_58008_70369_HIP76543_0045.gpuspec.0002.h5,scaleup_mid/train,mid,train,training
hip45497_mid_scaleup_001,HIP45497,spliced_blc0001020304050607_guppi_58010_45836_HIP45497_0037.gpuspec.0002.h5,scaleup_mid/train,mid,train,training
hip76233_mid_scaleup_001,HIP76233,spliced_blc1011121314151617_guppi_58013_78378_HIP76233_0008.gpuspec.0002.h5,scaleup_mid/train,mid,train,training
hip92936_mid_scaleup_001,HIP92936,spliced_blc1011121314151617_guppi_58014_02849_HIP92936_0039.gpuspec.0002.h5,scaleup_mid/train,mid,train,training
hip11865_mid_scaleup_001,HIP11865,spliced_blc0001020304050607_guppi_58016_33877_HIP11865_0007.gpuspec.0002.h5,scaleup_mid/train,mid,train,training
hip108094_mid_scaleup_001,HIP108094,spliced_blc0001020304050607_guppi_58223_57295_HIP108094_0035.gpuspec.0002.h5,scaleup_mid/train,mid,train,training
hip55982_mid_scaleup_001,HIP55982,spliced_blc3031323334353637_guppi_58253_84919_HIP55982_0008.gpuspec.0002.h5,scaleup_mid/train,mid,train,training
hip62548_mid_scaleup_001,HIP62548,spliced_blc3031323334353637_guppi_58254_15023_HIP62548_0056.gpuspec.0002.h5,scaleup_mid/train,mid,train,training
hip42938_mid_scaleup_001,HIP42938,spliced_blc1011121314151617_guppi_58266_85220_HIP42938_0016.gpuspec.0002.h5,scaleup_mid/train,mid,train,training
hip57949_mid_scaleup_001,HIP57949,spliced_blc1011121314151617_guppi_58267_01685_HIP57949_0024.gpuspec.0002.h5,scaleup_mid/train,mid,train,training
hip116108_mid_scaleup_001,HIP116108,spliced_blc2021222324252627_guppi_58293_46849_HIP116108_0031.gpuspec.0002.h5,scaleup_mid/train,mid,train,training
hip4557_mid_scaleup_001,HIP4557,spliced_blc0001020304050607_guppi_58363_45854_HIP4557_0068.gpuspec.0002.h5,scaleup_mid/train,mid,train,training
hip102216_mid_scaleup_001,HIP102216,spliced_blc3031323334353637_guppi_58378_01040_HIP102216_0077.gpuspec.0002.h5,scaleup_mid/train,mid,train,training
hip65095_mid_scaleup_001,HIP65095,spliced_blc0001020304050607_guppi_58402_68957_HIP65095_0013.gpuspec.0002.h5,scaleup_mid/train,mid,train,training
hip47260_mid_scaleup_001,HIP47260,spliced_blc1011121314151617_guppi_58420_42491_HIP47260_0086.gpuspec.0002.h5,scaleup_mid/train,mid,train,training
hip101659_mid_scaleup_001,HIP101659,spliced_blc1011121314151617_guppi_58432_00680_HIP101659_0021.gpuspec.0002.h5,scaleup_mid/train,mid,train,training
hip63351_mid_scaleup_001,HIP63351,spliced_blc0001020304050607_guppi_58452_50790_HIP63351_0007.gpuspec.0002.h5,scaleup_mid/train,mid,train,training
hip64679_mid_scaleup_001,HIP64679,spliced_blc0001020304050607_guppi_58811_76031_HIP64679_0094.gpuspec.0002.h5,scaleup_mid/train,mid,train,training
hip90527_mid_scaleup_001,HIP90527,spliced_blc0001020304050607_guppi_58819_79288_HIP90527_0115.gpuspec.0002.h5,scaleup_mid/train,mid,train,training
hip20878_mid_scaleup_001,HIP20878,spliced_blc5051525354555657_guppi_58897_22938_HIP20878_0141.rawspec.0002.h5,scaleup_mid/train,mid,train,training
hip48887_mid_scaleup_001,HIP48887,spliced_blc0001020304050607_guppi_57656_53950_Hip48887_0004.gpuspec.0002.h5,scaleup_mid/validation,mid,validation,validation
hip12187_mid_scaleup_001,HIP12187,spliced_blc0001020304050607_guppi_57661_29757_HIP12187_0002.gpuspec.0002.h5,scaleup_mid/validation,mid,validation,validation
hip63121_mid_scaleup_001,HIP63121,spliced_blc0001020304050607_guppi_57718_56225_HIP63121_0057.gpuspec.0002.h5,scaleup_mid/validation,mid,validation,validation
hip101180_mid_scaleup_001,HIP101180,spliced_blc0001020304050607_guppi_57719_78888_HIP101180_0060.gpuspec.0002.h5,scaleup_mid/validation,mid,validation,validation
hip45082_mid_scaleup_001,HIP45082,spliced_blc0001020304050607_guppi_58818_04730_HIP45082_0014.gpuspec.0002.h5,scaleup_mid/validation,mid,validation,validation
hip34691_mid_scaleup_001,HIP34691,spliced_blc0001020304050607_guppi_57627_61003_Hip34691_0003.gpuspec.0002.h5,scaleup_mid/test,mid,test,evaluation
hip58502_mid_scaleup_001,HIP58502,spliced_blc0001020304050607_guppi_57660_70918_HIP58502_0060.gpuspec.0002.h5,scaleup_mid/test,mid,test,evaluation
hip50679_mid_scaleup_001,HIP50679,spliced_blc1011121314151617_guppi_57866_76048_HIP50679_0060.gpuspec.0002.h5,scaleup_mid/test,mid,test,evaluation
hip4301_mid_scaleup_001,HIP4301,spliced_blc0001020304050607_guppi_58331_50597_HIP4301_0112.gpuspec.0002.h5,scaleup_mid/test,mid,test,evaluation
hip46744_mid_scaleup_001,HIP46744,spliced_blc2021222324252627_guppi_58412_37956_HIP46744_0062.gpuspec.0002.h5,scaleup_mid/test,mid,test,evaluation
